datetime,hourly_site_load_in_watt,NOK_per_kWh,temp,windgust,windspeed,winddir,solarradiation,solarenergy,uvindex
2024-09-29 00,1251.59,0.33403,7.1,43.1,27.6,313,0,0,0
2024-09-29 01,1258.01,0.32886,7.1,42.4,27.1,320,0,0,0
2024-09-29 02,1258.73,0.32803,6.5,25.2,10.8,310,0,0,0
2024-09-29 03,1340.63,0.32651,6.5,42.9,27.3,315,0,0,0
2024-09-29 04,1294.76,0.32662,5.7,39.5,23.8,310,0,0,0
2024-09-29 05,1276.1,0.32768,4.9,33.1,19.3,325,0,0,0
2024-09-29 06,1287.59,0.33909,4.5,26.3,17.8,299,0,0,0
2024-09-29 07,1273.99,0.35449,3.1,27,14.5,314,0,0,0
2024-09-29 08,1312.15,0.36001,4.7,29.6,17.9,290,11,0,0
2024-09-29 09,1306.34,0.37001,5.8,26,15,280,43,0.2,0
2024-09-29 10,1295.8,0.35308,7.8,23.3,14.8,285,99,0.4,1
2024-09-29 11,1279.57,0.29394,9,23.6,15.5,277,227,0.8,2
2024-09-29 12,1233.35,0.24679,9.6,20.7,12.9,286,307,1.1,3
2024-09-29 13,1305.14,0.2549,11,20.5,13.1,279,344,1.2,3
2024-09-29 14,1343.29,0.293,10.9,20.8,16.4,241,349,1.3,3
2024-09-29 15,1257.89,0.35755,10.9,27,19.1,229,319,1.1,3
2024-09-29 16,1291.34,0.39117,10.3,26.7,16.4,228,121,0.4,1
2024-09-29 17,1293.37,0.39658,10.8,26.8,17.8,249,100,0.4,1
2024-09-29 18,1264.23,0.42633,9.8,26.9,20.8,246,47,0.2,0
2024-09-29 19,1298.5,0.43091,9.5,33.2,22.6,255,12,0,0
2024-09-29 20,1262.08,0.43303,8.6,32.6,20.7,248,0,0,0
2024-09-29 21,1252.43,0.42915,8.5,26,14.7,234,0,0,0
2024-09-29 22,1301.39,0.42327,8.7,22.7,9.5,74,0,0,0
2024-09-29 23,1277.76,0.36542,7.7,24,11.8,134,0,0,0
2024-09-30 00,1318.2,0.31228,7.7,20.4,10.2,104,0,0,0
2024-09-30 01,1302.67,0.20634,7.6,20.4,10,112,0,0,0
2024-09-30 02,1302.11,0.09876,7.5,17.5,10.4,116,0,0,0
2024-09-30 03,1327.85,0.06502,7.4,14.4,7.5,91,0,0,0
2024-09-30 04,1270.25,0.10605,7.3,14.4,9.3,69,0,0,0
2024-09-30 05,1766.33,0.26349,7.3,14.4,9.4,78,0,0,0
2024-09-30 06,3015.57,0.42433,7.2,13.9,8.6,76,0,0,0
2024-09-30 07,3342.76,0.66442,6.7,16.8,9.2,76,0,0,0
2024-09-30 08,3545.9,0.671,7.6,12.9,8.3,73,10,0,0
2024-09-30 09,3860.62,0.5566,7.6,17.2,9.5,48,54,0.2,1
2024-09-30 10,3536.63,0.42456,8.6,35.4,17.6,134,66,0.2,1
2024-09-30 11,3641.47,0.28677,9.4,14,7.1,102,77,0.3,1
2024-09-30 12,3276.57,0.23421,10.3,14.3,9.8,239,101,0.4,1
2024-09-30 13,3129.94,0.16131,11.3,23.3,12.5,114,124,0.4,1
2024-09-30 14,2374.14,0.17624,12.4,27.1,10.7,144,184,0.7,2
2024-09-30 15,1426.41,0.26584,12.6,19.5,13.7,208,118,0.4,1
2024-09-30 16,1410.87,0.3171,13.2,32.6,15.8,266,172,0.6,2
2024-09-30 17,1459.58,0.38471,12,17.7,7.9,142,56,0.2,1
2024-09-30 18,1394.79,0.42315,11.2,11,9.3,87,29,0.1,0
2024-09-30 19,1371.58,0.43068,10.1,16.6,13,79,4,0,0
2024-09-30 20,1393.65,0.4014,9.3,16.4,12.6,58,0,0,0
2024-09-30 21,1454.85,0.30311,8.5,16.4,14.3,52,0,0,0
2024-09-30 22,1420.98,0.24279,8.5,16.7,12.4,60,0,0,0
2024-09-30 23,1429,0.11946,8.4,19.8,15.3,67,0,0,0
2024-10-01 00,1403.52,0.03883,8.1,20.1,15.2,79,0,0,0
2024-10-01 01,1363.77,0.00094,7.9,20.2,15.4,72,0,0,0
2024-10-01 02,1392.41,0.00059,7.7,20.1,15.8,65,0,0,0
2024-10-01 03,1360.3,0.00023,6.8,22.6,16.3,58,0,0,0
2024-10-01 04,1380.43,0.09384,6.7,19.9,16.4,57,0,0,0
2024-10-01 05,1625.26,0.2962,6.2,26.1,20.6,51,0,0,0
2024-10-01 06,3217.3,0.39121,6.1,21.7,14.3,49,0,0,0
2024-10-01 07,3360.26,0.44611,6.2,23.5,18.1,53,0,0,0
2024-10-01 08,3604.38,0.4847,6.6,23.5,17.9,53,14,0.1,0
2024-10-01 09,3835.38,0.48693,7.3,26.7,21.2,59,58,0.2,1
2024-10-01 10,5204.63,0.45338,8.3,27.1,16.2,58,112,0.4,1
2024-10-01 11,5421.23,0.42277,9.5,24.4,16.9,61,195,0.7,2
2024-10-01 12,6018.45,0.4223,11.1,27.5,19.2,68,266,1,3
2024-10-01 13,3557.16,0.42265,11.9,30.6,19.6,77,202,0.7,2
2024-10-01 14,2337.64,0.42242,12.4,24.4,14.2,67,347,1.2,3
2024-10-01 15,1376.26,0.46582,12.7,23.2,14.9,72,181,0.7,2
2024-10-01 16,1207.82,0.51098,12.7,27.8,19.2,56,184,0.7,2
2024-10-01 17,1170.25,0.58559,12,30.5,19.3,51,82,0.3,1
2024-10-01 18,1476.3,0.61972,11.2,27.7,18.8,47,26,0.1,0
2024-10-01 19,1418.24,0.64377,10.1,20,13.9,32,4,0,0
2024-10-01 20,1078.69,0.56037,8.3,17.7,10.1,36,0,0,0
2024-10-01 21,1291.62,0.52776,7.5,17.2,12.3,37,0,0,0
2024-10-01 22,1416.06,0.49139,6.6,17.1,12.2,39,0,0,0
2024-10-01 23,1085.07,0.42652,6.6,17.1,11.4,35,0,0,0
2024-10-02 00,1359.71,0.46729,7,16.9,12,34,0,0,0
2024-10-02 01,1333.81,0.46227,7,17.1,12.2,35,0,0,0
2024-10-02 02,1100.96,0.45515,5.8,19.8,12.6,38,0,0,0
2024-10-02 03,1288.94,0.46379,6.4,20.2,14.9,35,0,0,0
2024-10-02 04,1331.07,0.46998,6.5,20.4,12.2,38,0,0,0
2024-10-02 05,1280.95,0.49437,7,14.3,7.5,359,0,0,0
2024-10-02 06,2209.41,0.58624,6.9,14.3,10.4,351,0,0,0
2024-10-02 07,2170.35,0.94695,6.8,14.7,10.3,360,0,0,0
2024-10-02 08,2390.25,1.43047,6.5,14,10.5,1,7,0,0
2024-10-02 09,2899.53,1.06579,7.1,14.5,7.2,10,34,0.1,0
2024-10-02 10,2874.81,0.72294,8.7,15.5,9.7,1,55,0.2,1
2024-10-02 11,2624.44,0.59955,9.9,17.8,11.2,16,195,0.7,2
2024-10-02 12,2571.87,0.64088,11.2,21.1,13.4,17,282,1,3
2024-10-02 13,2556.63,0.58916,12.4,20.8,10.8,1,319,1.1,3
2024-10-02 14,2031.05,0.58764,13.8,24.1,7.9,5,323,1.2,3
2024-10-02 15,791.64,0.58379,14.2,22.1,18.5,323,290,1,3
2024-10-02 16,762.17,0.6041,14.6,27.2,16.1,331,229,0.8,2
2024-10-02 17,841.98,0.69889,14.5,23.8,15.5,337,42,0.2,0
2024-10-02 18,984.1,0.66877,13.5,17.2,9.9,341,17,0.1,0
2024-10-02 19,1203.5,0.62243,11,13.7,9.7,343,4,0,0
2024-10-02 20,976.06,0.59663,9,16.7,8.6,1,0,0,0
2024-10-02 21,1184.47,0.54854,8.1,13.5,8.7,25,0,0,0
2024-10-02 22,1274.63,0.50301,6.7,11.9,7,47,0,0,0
2024-10-02 23,1014.5,0.4834,6.4,13.3,6.6,60,0,0,0
2024-10-03 00,1246.27,0.49738,5.7,7.4,4.1,68,0,0,0
2024-10-03 01,1194.74,0.49093,5,10.4,6.6,49,0,0,0
2024-10-03 02,984.82,0.48577,4.8,10.3,9.6,340,0,0,0
2024-10-03 03,1313.57,0.4846,4.8,10.5,4.6,33,0,0,0
2024-10-03 04,1316.51,0.4846,4.8,13.6,7.1,28,0,0,0
2024-10-03 05,1335.34,0.49714,4.1,10.5,6.8,19,0,0,0
2024-10-03 06,2593.66,0.57461,5.1,10.4,2.1,13,0,0,0
2024-10-03 07,2799.49,0.83314,5.1,10.4,7.3,28,0,0,0
2024-10-03 08,2670.63,0.87064,4.9,10.2,6.9,356,7,0,0
2024-10-03 09,3014.38,0.76142,5.5,13.7,6.7,8,43,0.2,0
2024-10-03 10,2604.25,0.5984,8,10.7,7.3,39,65,0.2,1
2024-10-03 11,2548.22,0.57601,9.8,11,10.1,38,207,0.7,2
2024-10-03 12,2176.81,0.5289,11.8,10.7,3.9,51,278,1,3
2024-10-03 13,2042.08,0.41698,12.9,9.3,7.8,316,307,1.1,3
2024-10-03 14,963.38,0.46409,13.7,13.8,9.3,314,313,1.1,3
2024-10-03 15,695.8,0.56371,14.4,14,9.2,308,283,1,3
2024-10-03 16,748.08,0.57801,14.6,10.6,8.6,312,191,0.7,2
2024-10-03 17,834.8,0.59875,14.2,9.6,5.9,316,34,0.1,0
2024-10-03 18,1014.84,0.68946,13.1,9.3,7.7,290,18,0.1,0
2024-10-03 19,962.9,0.70317,10.8,10.4,6.9,264,3,0,0
2024-10-03 20,1049.13,0.76821,9.6,10.2,4.1,231,0,0,0
2024-10-03 21,1236.89,0.62113,7.3,7.2,2.9,33,0,0,0
2024-10-03 22,1017.21,0.58457,6.4,10.2,6.5,72,0,0,0
2024-10-03 23,1189.54,0.54039,6.5,9.3,6.8,83,0,0,0
2024-10-04 00,1278.6,0.52534,6.1,10.1,6.6,64,0,0,0
2024-10-04 01,1211.16,0.49694,5.5,10.4,9.2,60,0,0,0
2024-10-04 02,1331.01,0.48713,4.7,13,8.9,64,0,0,0
2024-10-04 03,1692.38,0.48526,4.7,13.2,8.7,61,0,0,0
2024-10-04 04,1009.79,0.48093,4.2,10.6,8.4,48,0,0,0
2024-10-04 05,1376.19,0.5209,3.5,10.5,5.6,50,0,0,0
2024-10-04 06,1437.85,0.57242,3.4,10.4,9,79,0,0,0
2024-10-04 07,1078.26,1.43264,3.3,13.5,8.7,50,0,0,0
2024-10-04 08,1385.69,1.59949,4,13.3,8.8,53,5,0,0
2024-10-04 09,1589.65,1.31638,5.2,13.4,8.9,52,25,0.1,0
2024-10-04 10,1201.16,0.66543,7,13.7,9.2,39,67,0.2,1
2024-10-04 11,1461.68,0.58154,8,9.5,5.8,59,133,0.5,1
2024-10-04 12,1422.53,0.54917,9.5,10.9,7,56,263,0.9,3
2024-10-04 13,1188.81,0.53223,11.1,10.9,4.2,121,376,1.4,4
2024-10-04 14,985.47,0.52078,12.2,7.7,4.2,34,464,1.7,5
2024-10-04 15,1044.2,0.49238,12.9,8.5,3.4,244,128,0.5,1
2024-10-04 16,998.3,0.51085,12.4,11.2,7.1,263,151,0.5,2
2024-10-04 17,952.68,0.57464,12.7,14.4,5.5,236,75,0.3,1
2024-10-04 18,1192.32,0.93453,11.6,8.1,4.9,226,23,0.1,0
2024-10-04 19,970.65,1.43778,9.8,7.9,4,222,3,0,0
2024-10-04 20,1181.29,0.57184,8.9,10.5,7.1,160,0,0,0
2024-10-04 21,1144.5,0.53912,8.8,16.7,9.3,243,0,0,0
2024-10-04 22,1013.42,0.49764,7.9,10.6,6.2,182,0,0,0
2024-10-04 23,1364.64,0.49063,7.7,13.1,7.8,69,0,0,0
2024-10-05 00,1244.55,0.46831,7.2,10.5,6.6,68,0,0,0
2024-10-05 01,986.46,0.46411,7.4,10.6,7.4,50,0,0,0
2024-10-05 02,1380.46,0.46224,7.5,10.2,8.9,37,0,0,0
2024-10-05 03,1356.16,0.46002,7,10.4,6.2,58,0,0,0
2024-10-05 04,981.57,0.45897,6.9,10.4,9.2,48,0,0,0
2024-10-05 05,1301.59,0.46201,6.5,10.3,8.9,79,0,0,0
2024-10-05 06,1166.58,0.46878,7.4,13.6,9.3,45,0,0,0
2024-10-05 07,1046.41,0.4696,7.9,17,12,52,0,0,0
2024-10-05 08,1323.4,0.47918,8,16.9,11.8,44,5,0,0
2024-10-05 09,1426.29,0.4904,8.1,16.9,11.8,41,43,0.2,0
2024-10-05 10,1134.19,0.49916,8.3,13.9,9.6,41,62,0.2,1
2024-10-05 11,1339.16,0.49846,10.1,13.1,8.1,359,200,0.7,2
2024-10-05 12,1344.01,0.49811,9.9,16.9,6.8,296,347,1.2,3
2024-10-05 13,1249.15,0.45838,10.3,20.1,14.7,215,256,0.9,3
2024-10-05 14,1478.07,0.48199,11.2,20.2,13.5,230,158,0.6,2
2024-10-05 15,1430.73,0.47906,11.4,20.6,15.7,217,143,0.5,1
2024-10-05 16,1248.4,0.48187,11.1,24,16.6,213,119,0.4,1
2024-10-05 17,1466.49,0.48105,12.1,33.6,23.7,218,86,0.3,1
2024-10-05 18,1504.58,0.51529,12,42.8,32.5,234,40,0.1,0
2024-10-05 19,1313.32,0.4946,11.8,42.8,27.8,222,3,0,0
2024-10-05 20,1454.56,0.47871,11.9,39.6,30.3,217,0,0,0
2024-10-05 21,1500.89,0.47311,11.9,42.7,29.9,231,0,0,0
2024-10-05 22,1353.14,0.46317,12,42.4,29.9,216,0,0,0
2024-10-05 23,1541.07,0.46119,12.4,43.7,26.5,222,0,0,0
2024-10-06 00,1409.02,0.45534,11.7,39.5,27.1,226,0,0,0
2024-10-06 01,1621.2,0.44366,11.8,42.8,30.2,230,0,0,0
2024-10-06 02,1553.18,0.44308,11.7,40.1,29.2,227,0,0,0
2024-10-06 03,1505.29,0.43957,11.1,39.5,27.1,224,0,0,0
2024-10-06 04,1347,0.43817,11.1,39.2,29.2,234,0,0,0
2024-10-06 05,1476.41,0.44086,11.7,42.9,31.2,236,0,0,0
2024-10-06 06,1418.45,0.44319,10.6,42.8,26.6,240,0,0,0
2024-10-06 07,1398.18,0.45698,9.3,39.6,23.9,233,0,0,0
2024-10-06 08,1592.85,0.44179,9.5,36.3,25.8,232,4,0,0
2024-10-06 09,1344.46,0.44366,10.7,32.8,26.5,233,25,0.1,0
2024-10-06 10,1324.96,0.43396,11.9,36.2,27,237,82,0.3,1
2024-10-06 11,2525.05,0.37683,13,36.9,25.5,235,193,0.7,2
2024-10-06 12,1378.32,0.31969,13.9,34.2,25.3,236,325,1.2,3
2024-10-06 13,1638.97,0.30637,14.8,31.5,25.7,228,410,1.5,4
2024-10-06 14,1134.73,0.33605,14.1,32.6,24.9,226,347,1.2,3
2024-10-06 15,1090.9,0.39388,13.9,37.2,26.1,216,156,0.6,2
2024-10-06 16,1143.67,0.44436,13.6,31,22.8,217,155,0.6,2
2024-10-06 17,1282.94,0.45359,12.8,30.3,23,214,106,0.4,1
2024-10-06 18,1188.25,0.52534,11.9,34,25,209,41,0.1,0
2024-10-06 19,1340.07,0.54905,11,30.2,21.8,208,2,0,0
2024-10-06 20,1454,0.51353,10.5,26.9,21.9,204,0,0,0
2024-10-06 21,1216.59,0.4828,10.5,26.7,21.7,211,0,0,0
2024-10-06 22,1312.21,0.47474,10.4,23.8,16.3,209,0,0,0
2024-10-06 23,1467.45,0.46715,8.5,21.1,14.3,185,0,0,0
2024-10-07 00,1165.49,0.42638,9,25.9,17.6,208,0,0,0
2024-10-07 01,1395.42,0.41192,8.2,22.9,14.6,201,0,0,0
2024-10-07 02,1258.17,0.38756,8.1,22.7,17,270,0,0,0
2024-10-07 03,1081.3,0.35143,6.9,22.7,12.4,141,0,0,0
2024-10-07 04,1352.12,0.40738,7,16.6,13.2,106,0,0,0
2024-10-07 05,1588.97,0.45645,6.7,17.5,14,103,0,0,0
2024-10-07 06,2663.81,0.49946,6.9,23.1,16.3,117,0,0,0
2024-10-07 07,2656.94,0.57091,7.6,23,13.3,109,0,0,0
2024-10-07 08,2832.67,0.62872,8.1,26.5,18.9,118,2,0,0
2024-10-07 09,3058.22,0.58268,7.9,20.6,13.4,93,40,0.1,0
2024-10-07 10,2744.32,0.56543,8.8,20.8,13.4,110,86,0.3,1
2024-10-07 11,3109.47,0.54095,9.8,22.1,15.4,119,132,0.5,1
2024-10-07 12,3155.68,0.51764,10.1,27.2,20.9,115,58,0.2,1
2024-10-07 13,3023.68,0.48897,10.1,33.1,16,118,53,0.2,1
2024-10-07 14,1696.36,0.49853,10.9,27.1,20.7,99,49,0.2,0
2024-10-07 15,1178.13,0.50809,11.1,25.8,17.6,90,45,0.2,0
2024-10-07 16,1139.73,0.53734,11.2,20.4,15.6,88,23,0.1,0
2024-10-07 17,1338.03,0.56287,11.3,30.9,22.2,97,25,0.1,0
2024-10-07 18,1101.4,0.56485,10.4,33.3,19.8,103,3,0,0
2024-10-07 19,1253.26,0.5596,9.7,25.8,16.6,89,0,0,0
2024-10-07 20,1340.51,0.51251,9.7,26,18,92,0,0,0
2024-10-07 21,1205.95,0.49596,9.9,34.5,21.7,108,0,0,0
2024-10-07 22,1400.83,0.47964,9.8,34.2,25.1,104,0,0,0
2024-10-07 23,1362.21,0.46577,9.5,32.1,23.5,102,0,0,0
2024-10-08 00,1265.02,0.47823,9.1,38.1,28,95,0,0,0
2024-10-08 01,1441.12,0.47379,9.1,37.5,24.4,109,0,0,0
2024-10-08 02,1445.63,0.47204,9.1,33.1,16.4,106,0,0,0
2024-10-08 03,1130.2,0.4718,9.3,33.9,19,124,0,0,0
2024-10-08 04,1351.6,0.47134,9.6,29.2,16.1,125,0,0,0
2024-10-08 05,1688.32,0.4773,9.9,27.4,14.7,106,0,0,0
2024-10-08 06,2995.75,0.49085,9.9,22,13,112,0,0,0
2024-10-08 07,3503.22,0.56027,9.9,26.6,16.5,118,0,0,0
2024-10-08 08,3442.16,0.80465,10,18.4,11.8,112,1,0,0
2024-10-08 10,2440.23,0.96266,10.3,21.7,13.6,114,11,0,0
2024-10-08 11,3004.83,0.6013,10.8,20,16.4,108,19,0.1,0
2024-10-08 12,3250.51,0.55864,11.2,20.2,17,126,37,0.1,0
2024-10-08 13,2854.33,0.50207,11.5,20.9,12.9,127,77,0.3,1
2024-10-08 14,2504.22,0.49085,12,23.9,13.5,122,84,0.3,1
2024-10-08 15,1348.86,0.49074,12,23.4,17.5,123,94,0.3,1
2024-10-08 16,1019.62,0.4912,11.9,24.5,18.8,113,53,0.2,1
2024-10-08 17,1289.41,0.50137,12.3,21.1,14.9,103,60,0.2,1
2024-10-08 18,1237.89,0.49156,11.9,25,15.7,96,39,0.1,0
2024-10-08 19,1047.19,0.49693,11.7,26.5,14.2,85,11,0,0
2024-10-08 20,1437.42,0.50242,11.1,19.8,12.8,70,0,0,0
2024-10-08 21,1331.74,0.49763,11.1,25.8,19.5,56,0,0,0
2024-10-08 22,1153.72,0.49085,11.2,24.6,17.9,73,0,0,0
2024-10-08 23,1316.68,0.48746,11.3,26.8,19.4,77,0,0,0
2024-10-09 00,1417,0.48069,11.3,34.6,22,68,0,0,0
2024-10-09 01,1220.04,0.47462,11,38.1,25.4,76,0,0,0
2024-10-09 02,1497.66,0.4725,11,34.6,25.5,85,0,0,0
2024-10-09 03,1505.78,0.46401,11.2,30.4,21.2,88,0,0,0
2024-10-09 04,1230.7,0.46284,11,27.5,19.6,88,0,0,0
2024-10-09 05,1588.68,0.46625,11,24.2,16.1,105,0,0,0
2024-10-09 06,2838.3,0.47191,11.3,22.5,11.9,112,0,0,0
2024-10-09 07,2530.88,0.4804,11.8,27,21.5,235,0,0,0
2024-10-09 08,2856.32,0.48782,11.7,26.3,18.8,252,0,0,0
2024-10-09 09,2750.72,0.49254,12.7,23.8,14.9,192,2,0,0
2024-10-09 10,2488.77,0.49159,12.4,23.7,15.3,191,15,0.1,0
2024-10-09 11,2683.81,0.49112,12.5,20,12.7,188,20,0.1,0
2024-10-09 12,3374.52,0.4903,13.2,17.9,12.2,169,65,0.2,1
2024-10-09 13,1605.36,0.48971,13.5,17.8,11.4,223,166,0.6,2
2024-10-09 14,1276.66,0.48735,13.8,28.9,18.6,194,139,0.5,1
2024-10-09 15,1353.53,0.48523,13.8,29.2,18.5,207,104,0.4,1
2024-10-09 16,1289.48,0.48523,12.7,27.3,21,203,104,0.4,1
2024-10-09 17,1532.58,0.48511,12.9,22.8,19.7,191,63,0.2,1
2024-10-09 18,1517.45,0.48877,12.5,23.8,19.5,312,27,0.1,0
2024-10-09 19,1281,0.49159,12.8,24.7,19,189,16,0.1,0
2024-10-09 20,1437.29,0.49419,12,24.2,13,220,0,0,0
2024-10-09 21,1597.7,0.49124,12,12.5,5.9,180,0,0,0
2024-10-09 22,1297.26,0.4903,11.7,10.7,6.5,130,0,0,0
2024-10-09 23,1560.93,0.48334,10.9,13.5,9.5,122,0,0,0
2024-10-10 00,1447.89,0.4791,11.3,14.3,13.5,119,0,0,0
2024-10-10 01,1256.85,0.47156,11.6,17,10.4,134,0,0,0
2024-10-10 02,1502.55,0.46637,11.9,17.1,13.2,158,0,0,0
2024-10-10 03,1608.29,0.44515,12,15.5,11.5,164,0,0,0
2024-10-10 04,1318.19,0.37734,11.3,23.5,15.2,191,0,0,0
2024-10-10 05,1501.23,0.35612,12,27.5,21.4,188,0,0,0
2024-10-10 06,2756.11,0.4593,11.8,22.1,19.3,295,0,0,0
2024-10-10 07,2997.79,0.49774,11.9,20.8,18.2,170,0,0,0
2024-10-10 08,3289.12,0.51331,12,23.7,15.7,157,0,0,0
2024-10-10 09,3408.13,0.52404,11.5,22.2,19.2,129,0,0,0
2024-10-10 10,3159.76,0.51637,11.9,26.9,10.4,107,16,0.1,0
2024-10-10 11,3404.76,0.49633,12,20.2,15.6,116,27,0.1,0
2024-10-10 12,3485.35,0.4481,12.4,16.6,11.7,99,102,0.4,1
2024-10-10 13,2731.81,0.37239,12.9,17.4,9.4,101,68,0.2,1
2024-10-10 14,2755.99,0.23466,12.8,16.9,10.2,120,81,0.3,1
2024-10-10 15,1214.51,0.33902,12.7,14,11.5,95,125,0.5,1
2024-10-10 16,1238.25,0.43843,13.3,14.3,5.7,122,161,0.6,2
2024-10-10 17,1513.61,0.43843,11.6,7.7,4,126,68,0.2,1
2024-10-10 18,1421.8,0.45081,11.7,15.6,11.8,291,26,0.1,0
2024-10-10 19,1135.66,0.46555,8,39,22.8,358,2,0,0
2024-10-10 20,1456.05,0.45564,7,41.5,21.4,357,0,0,0
2024-10-10 21,1317.05,0.44715,6.4,45,23.2,356,0,0,0
2024-10-10 22,1158.7,0.4297,6,44.6,22.3,359,0,0,0
2024-10-10 23,1412.03,0.38902,5.4,36.7,18.8,353,0,0,0
2024-10-11 00,1303.22,0.38477,5.2,35.9,18.9,353,0,0,0
2024-10-11 01,1062.75,0.40747,5.1,30.6,16.6,345,0,0,0
2024-10-11 02,1346.59,0.40759,5.1,30.4,16.8,338,0,0,0
2024-10-11 03,1452.67,0.41193,4.9,32.3,19.6,333,0,0,0
2024-10-11 04,1081.75,0.42121,5.2,28.4,15.8,329,0,0,0
2024-10-11 05,1623,0.42156,5.3,28.4,13.2,335,0,0,0
2024-10-11 06,2991.89,0.43154,5.4,22.6,14.2,320,0,0,0
2024-10-11 07,2951.44,0.48507,5.3,21.7,13.6,313,0,0,0
2024-10-11 08,2886.14,0.54517,4.3,26.8,20.5,307,0,0,0
2024-10-11 09,2937.61,0.57511,4.4,22,16.1,294,2,0,0
2024-10-11 10,3039.51,0.56983,4.2,23.6,12.4,296,22,0.1,0
2024-10-11 11,2777,0.54729,5.8,14.9,10.6,290,49,0.2,0
2024-10-11 12,1198.27,0.51148,7,13.1,5.1,277,153,0.6,2
2024-10-11 13,1277.23,0.4981,8.4,11.4,8.5,211,230,0.8,2
2024-10-11 14,1199.77,0.48824,9.1,25.6,18.4,212,254,0.9,3
2024-10-11 15,1117.72,0.4711,9.5,26,22.3,232,254,0.9,3
2024-10-11 16,1252.16,0.46922,9.4,35.9,20.8,219,176,0.6,2
2024-10-11 17,1420.11,0.48096,9.6,33.7,23,217,94,0.3,1
2024-10-11 18,1123.31,0.51582,9.1,31.2,20.6,221,60,0.2,1
2024-10-11 19,1364.01,0.51324,9.2,31.7,22.4,223,19,0.1,0
2024-10-11 20,1307.51,0.5116,8.6,38,27,227,1,0,0
2024-10-11 21,1110.7,0.5062,8.3,42.3,27.4,233,0,0,0
2024-10-11 22,1335.74,0.50585,7.7,41.5,29.2,251,0,0,0
2024-10-11 23,1338.88,0.50209,7,39.1,28.9,253,0,0,0
2024-10-12 00,1033.62,0.49434,6.3,37.9,25.2,269,0,0,0
2024-10-12 01,1377.56,0.44527,5.4,44.5,28.2,302,0,0,0
2024-10-12 02,1470,0.43717,4.4,40.7,21.2,287,0,0,0
2024-10-12 03,1054.24,0.43611,4.3,31.2,15.2,274,0,0,0
2024-10-12 04,1331.66,0.43482,3.3,23.8,19.2,290,0,0,0
2024-10-12 05,1335.15,0.43541,2.9,20.5,10.9,256,0,0,0
2024-10-12 06,987.56,0.44011,3,15.4,13,251,0,0,0
2024-10-12 07,1301.75,0.44245,1,13.6,6.4,311,0,0,0
2024-10-12 08,1196.52,0.46687,0.4,11.3,3.4,79,0,0,0
2024-10-12 09,982.16,0.46899,0.9,11.4,10.7,61,4,0,0
2024-10-12 10,1226.69,0.46887,0.8,13.4,9.3,72,39,0.1,0
2024-10-12 11,1388.63,0.43471,2.9,17.1,11.3,97,73,0.3,1
2024-10-12 12,1080.51,0.40242,5.5,16.4,13.9,148,101,0.4,1
2024-10-12 13,1392.7,0.3132,6.3,16.1,11.3,117,109,0.4,1
2024-10-12 14,1281.08,0.21319,7.4,38.1,21.9,147,123,0.4,1
2024-10-12 15,1138.36,0.35946,8.1,44.9,33.3,307,82,0.3,1
2024-10-12 16,1418.27,0.41451,8.9,47.7,34.9,335,76,0.3,1
2024-10-12 17,1451.35,0.44175,9.2,41.9,32.1,291,36,0.1,0
2024-10-12 18,1203.56,0.4637,9.6,47.1,31.5,191,17,0.1,0
2024-10-12 19,1589.02,0.47791,7.8,52.5,35.3,254,11,0,0
2024-10-12 20,1540.72,0.47051,9.4,57.4,41.6,174,0,0,0
2024-10-12 21,1202.43,0.45525,9.8,51.4,35.2,169,0,0,0
2024-10-12 22,1359.02,0.4522,9.3,51.9,33.5,278,0,0,0
2024-10-12 23,1390.76,0.41076,9.6,57.7,29.6,130,0,0,0
2024-10-13 00,1201.9,0.30733,8.9,45.8,26.3,140,0,0,0
2024-10-13 01,1474.8,0,8.5,40.7,25.9,138,0,0,0
2024-10-13 02,1403.49,-0.00012,8.3,40.8,25.5,137,0,0,0
2024-10-13 03,1161.61,-0.00082,8.4,42.9,20.1,127,0,0,0
2024-10-13 04,1423.17,-0.00434,8.1,34.1,21.3,118,0,0,0
2024-10-13 05,1342.47,-0.00599,7.6,36,21.3,108,0,0,0
2024-10-13 06,1097.91,-0.00106,7.5,34.4,25.5,98,0,0,0
2024-10-13 07,1491.56,-0.00012,7.6,35.5,23.9,94,0,0,0
2024-10-13 08,1310.19,0.02078,7.2,32.4,20.5,87,0,0,0
2024-10-13 09,1138.9,0.21718,7.6,27.2,22.3,78,1,0,0
2024-10-13 10,1340.62,0.11915,7.8,27.8,16.8,71,17,0.1,0
2024-10-13 11,1333.4,0.0594,8.7,22.5,19.2,65,54,0.2,1
2024-10-13 12,1215.71,0.07513,9,29.7,21.6,61,99,0.4,1
2024-10-13 13,2258.87,0.07713,9.6,25.8,16.8,59,183,0.7,2
2024-10-13 14,1514.46,0.08581,9.8,30.3,22.5,52,157,0.6,2
2024-10-13 15,1132.82,0.09579,10.3,31.7,20.4,57,161,0.6,2
2024-10-13 16,1795.07,0.15332,10.5,27,12.7,54,180,0.6,2
2024-10-13 17,1338.97,0.29865,10.4,29.3,18.6,44,115,0.4,1
2024-10-13 18,1153.41,0.36638,10,24.1,18,31,62,0.2,1
2024-10-13 19,1328.89,0.41052,9,22.2,12.5,5,22,0.1,0
2024-10-13 20,1221.17,0.47192,7.6,17.5,9.9,9,0,0,0
2024-10-13 21,1170,0.46382,7.3,17.5,11.1,3,0,0,0
2024-10-13 22,1364.53,0.45114,6.8,16.5,8.9,25,0,0,0
2024-10-13 23,1116.46,0.45079,4.8,13.7,6.4,19,0,0,0
2024-10-14 00,1166.95,0.43212,5.3,14.3,6.2,13,0,0,0
2024-10-14 01,1349.35,0.43553,4.6,9.4,5.7,3,0,0,0
2024-10-14 02,1113.63,0.41381,3.2,13.6,6.6,21,0,0,0
2024-10-14 03,1211.22,0.41287,3.7,13.8,9.3,353,0,0,0
2024-10-14 04,1426.97,0.41628,3.4,11.4,1.3,21,0,0,0
2024-10-14 05,1311.46,0.45079,2.8,6.9,3.6,50,0,0,0
2024-10-14 06,3517.94,0.48671,3.7,7.2,4.2,50,0,0,0
2024-10-14 07,3582.62,0.51911,4,8.5,6,64,0,0,0
2024-10-14 08,3067.23,0.58614,3.8,10.2,5.9,66,0,0,0
2024-10-14 09,3637.53,0.62547,4.2,9.5,7.7,57,1,0,0
2024-10-14 10,3511.75,0.6162,3.8,14.2,8.7,25,26,0.1,0
2024-10-14 11,3151.21,0.58145,4.1,10,7.5,52,50,0.2,1
2024-10-14 12,3736.64,0.54388,5.7,10.7,6.7,359,78,0.3,1
2024-10-14 13,3066.04,0.53238,6.6,21.5,10.9,354,118,0.4,1
2024-10-14 14,2927.33,0.52111,7,19.6,12,6,208,0.7,2
2024-10-14 15,2134.55,0.52122,8,22.9,13.1,359,135,0.5,1
2024-10-14 16,1201.84,0.52862,8.4,22.7,12.1,7,91,0.3,1
2024-10-14 17,1264.65,0.54318,8.7,19.1,11.5,360,78,0.3,1
2024-10-14 18,1504.71,0.57088,8,23.9,15.7,357,27,0.1,0
2024-10-14 19,1266.58,0.6027,6.8,17.8,9.2,2,3,0,0
2024-10-14 20,1323.8,0.6277,5.8,16.2,10,2,0,0,0
2024-10-14 21,1416.78,0.56032,5.1,16,10.6,357,0,0,0
2024-10-14 22,1208.8,0.5278,4.5,15.9,8.8,344,0,0,0
2024-10-14 23,1517.52,0.5177,3.6,17.2,15.4,358,0,0,0
2024-10-15 00,1485.13,0.49739,3.8,18.8,12.1,6,0,0,0
2024-10-15 01,1308.98,0.51266,3.2,15.3,13.6,28,0,0,0
2024-10-15 02,1433.9,0.5069,1.8,22.8,12.5,22,0,0,0
2024-10-15 03,1499.04,0.50456,3.1,18.4,10.3,10,0,0,0
2024-10-15 04,1225.01,0.50456,0.8,13.5,6.8,341,0,0,0
2024-10-15 05,1339.28,0.50561,0.7,13.6,6.9,353,0,0,0
2024-10-15 06,2781.33,0.51266,1.6,10.7,5.9,3,0,0,0
2024-10-15 07,3178.86,0.56936,-0.7,10.5,8.6,8,0,0,0
2024-10-15 08,3322.45,1.51848,-1.6,13.5,9.2,55,0,0,0
2024-10-15 09,3361.15,1.94462,-0.3,11.7,7.7,48,6,0,0
2024-10-15 10,2946.14,1.24883,-0.8,15.6,11.6,64,35,0.1,0
2024-10-15 11,2594.98,0.69861,1.1,23,5.6,82,75,0.3,1
2024-10-15 12,2527.28,0.56795,3.9,7.2,4.4,215,163,0.6,2
2024-10-15 13,1956.48,0.55891,6.6,8.5,7.5,196,199,0.7,2
2024-10-15 14,846.59,0.55081,7.9,11.6,13.3,203,215,0.8,2
2024-10-15 15,855.74,0.53109,9,17.8,14.1,201,212,0.8,2
2024-10-15 16,525.75,0.53026,9.5,22.4,17.2,222,155,0.6,2
2024-10-15 17,690.14,0.53437,9.8,24.5,14.9,229,27,0.1,0
2024-10-15 18,572.46,0.56889,9,25.1,17.5,221,17,0.1,0
2024-10-15 19,818.59,0.71164,7.7,21.8,13.3,196,5,0,0
2024-10-15 20,790.59,0.72267,6.5,17.1,15,183,0,0,0
2024-10-15 21,733.07,0.569,6.2,20.5,17.2,193,0,0,0
2024-10-15 22,864.17,0.56947,3.5,26.3,16.7,223,0,0,0
2024-10-15 23,860.56,0.53073,4.7,23.6,15.4,337,0,0,0
2024-10-16 00,827.89,0.47873,5.2,24.8,21,322,0,0,0
2024-10-16 01,944.76,0.40596,4.1,24.6,19.6,331,0,0,0
2024-10-16 02,888.12,0.15529,3.4,29.5,20.6,271,0,0,0
2024-10-16 03,979.78,0.06414,5.6,24.9,22.4,180,0,0,0
2024-10-16 04,1031.43,0.0437,4.6,24.6,17.8,332,0,0,0
2024-10-16 05,1166.56,0.03818,4.8,22.4,17.7,335,0,0,0
2024-10-16 06,2460.16,0.17631,5.9,23.6,21.2,344,0,0,0
2024-10-16 07,2442.2,0.40784,5.1,22.5,14.3,326,0,0,0
2024-10-16 08,2456.59,0.51826,5.1,20.3,13.4,141,0,0,0
2024-10-16 09,2694.34,0.54539,5.7,21.5,18.5,144,6,0,0
2024-10-16 10,2345.05,0.47221,4.7,23.7,21.9,153,38,0.1,0
2024-10-16 11,2167.69,0.39973,6.3,25.8,17.3,158,87,0.3,1
2024-10-16 12,2101.93,0.23446,7.8,27.1,21.9,161,128,0.5,1
2024-10-16 13,1695.19,0.04969,8.1,22.9,15.1,137,193,0.7,2
2024-10-16 14,832.44,0.03465,8.8,21.3,13.1,158,186,0.7,2
2024-10-16 15,1506.02,0.04851,9.5,23.1,13.2,144,196,0.7,2
2024-10-16 16,877.64,0.22095,10.1,27.9,14.7,172,111,0.4,1
2024-10-16 17,882.4,0.3753,9.9,23.5,12.6,167,48,0.2,0
2024-10-16 18,1044.62,0.41406,9.7,22.8,14.4,144,32,0.1,0
2024-10-16 19,1082.95,0.43685,9.1,19.8,10.3,109,0,0,0
2024-10-16 20,924.12,0.42898,8.8,20.2,15.2,106,0,0,0
2024-10-16 21,1115.87,0.42111,8.8,24.4,21.1,95,0,0,0
2024-10-16 22,1117.98,0.40561,8.2,23.3,16.8,85,0,0,0
2024-10-16 23,983.83,0.38106,8.1,21,14.8,84,0,0,0
2024-10-17 00,1214.7,0.32033,8.3,22.1,21,113,0,0,0
2024-10-17 01,1282.32,0.20696,8,21.7,15.7,121,0,0,0
2024-10-17 02,997.63,0.14719,8.3,23.9,12.5,131,0,0,0
2024-10-17 03,1131.01,0.12696,8.7,23.3,18.8,125,0,0,0
2024-10-17 04,1163.1,0.06801,8.3,25.3,14.8,120,0,0,0
2024-10-17 05,1260.63,0.12131,8.3,27.4,20,120,0,0,0
2024-10-17 06,2303.58,0.34086,8.7,28.4,22.2,122,0,0,0
2024-10-17 07,2410.64,0.42511,8.1,28.8,21,116,0,0,0
2024-10-17 08,2222.09,0.45734,8.1,31.2,18.7,113,0,0,0
2024-10-17 09,2432.69,0.46982,8.4,26.9,22.2,109,0,0,0
2024-10-17 10,2222.73,0.46229,8.1,20.8,15.8,97,7,0,0
2024-10-17 11,2177.69,0.45252,8.4,25.5,16.1,109,29,0.1,0
2024-10-17 12,2019.49,0.45276,9.1,22.3,18.5,121,42,0.2,0
2024-10-17 13,1596.16,0.4584,9.2,17,13.6,106,41,0.1,0
2024-10-17 14,1336.17,0.46711,8.7,20.1,17.6,105,42,0.2,0
2024-10-17 15,1980.81,0.4817,9.9,21.4,18.8,102,19,0.1,0
2024-10-17 16,1366.71,0.46993,8.9,18.4,16.5,101,73,0.3,1
2024-10-17 17,1454.13,0.46699,10,17.5,14.7,86,13,0,0
2024-10-17 18,1434.23,0.46923,10.2,17.8,15.4,80,8,0,0
2024-10-17 19,1442.04,0.47499,9.5,16.9,13.2,71,0,0,0
2024-10-17 20,1519.91,0.48782,9.9,16.2,10.9,77,0,0,0
2024-10-17 21,1407.09,0.48346,10.2,17.3,11.8,55,0,0,0
2024-10-17 22,1399.48,0.48064,9.5,13.7,12.7,74,0,0,0
2024-10-17 23,1510.61,0.48464,9.7,15,11.2,76,0,0,0
2024-10-18 00,1522.29,0.4664,9.6,20,11.5,103,0,0,0
2024-10-18 01,1432.97,0.46557,10.1,27.2,16.1,138,0,0,0
2024-10-18 02,1412.08,0.46439,9.9,23.4,10.6,99,0,0,0
2024-10-18 03,1586.7,0.46297,9.8,19.6,9.3,121,0,0,0
2024-10-18 04,1523.98,0.46203,9.7,23.4,16.5,112,0,0,0
2024-10-18 05,1390.03,0.46262,9.3,20.8,12.7,115,0,0,0
2024-10-18 06,1471.93,0.47123,9.5,16.5,13.9,101,0,0,0
2024-10-18 07,1420.19,0.49885,9.2,18.3,13.5,114,0,0,0
2024-10-18 08,1424.84,0.51041,9.2,17,10.2,109,0,0,0
2024-10-18 09,1423.82,0.51136,9.2,12,7.5,86,0,0,0
2024-10-18 10,1385.1,0.50027,9.2,9.3,6.8,72,3,0,0
2024-10-18 11,1561.72,0.49354,9.3,9.5,7.6,57,22,0.1,0
2024-10-18 12,1440.89,0.50027,9.9,10.6,12.6,76,26,0.1,0
2024-10-18 13,1307.96,0.49779,10.2,9.5,5.1,52,41,0.1,0
2024-10-18 14,1420.28,0.49377,10,13.8,9.5,57,58,0.2,1
2024-10-18 15,1411.47,0.49259,10.7,10.9,6.2,48,70,0.3,1
2024-10-18 16,1280.75,0.48186,10.8,12.1,10.5,91,54,0.2,1
2024-10-18 17,1530.94,0.49578,11.1,12,7.8,95,14,0.1,0
2024-10-18 18,1347.1,0.50546,11.1,13.2,13.3,103,8,0,0
2024-10-18 19,1334.3,0.50758,10.7,13.6,9,88,0,0,0
2024-10-18 20,1476.58,0.50345,11.2,12.8,11.7,99,0,0,0
2024-10-18 21,1546.83,0.49779,11.1,13,8.5,114,0,0,0
2024-10-18 22,1311.46,0.49023,10.6,23.5,6.1,206,0,0,0
2024-10-18 23,1407.03,0.46887,10.7,17.9,13.8,124,0,0,0
2024-10-19 00,1569.71,0.45318,11.4,27.2,15,139,0,0,0
2024-10-19 01,1356.15,0.46841,11.3,16.8,6.2,154,0,0,0
2024-10-19 02,1379.73,0.46592,11.3,16.8,12,156,0,0,0
2024-10-19 03,1488.05,0.46354,11.3,17.9,10.6,143,0,0,0
2024-10-19 04,1326.36,0.46224,11.2,13.7,11.1,90,0,0,0
2024-10-19 05,1449.1,0.45749,11.2,14.9,11.3,96,0,0,0
2024-10-19 06,1499,0.46117,11.6,16.5,17.7,137,0,0,0
2024-10-19 07,1397.26,0.46105,11.6,23.4,19.3,166,0,0,0
2024-10-19 08,1492.41,0.4652,11.6,18.9,9.8,120,0,0,0
2024-10-19 09,1435.4,0.47399,11.6,17.9,9.2,130,0,0,0
2024-10-19 10,1361.74,0.48005,11.4,14.3,14.6,100,25,0.1,0
2024-10-19 11,1698.46,0.48598,11.7,17.6,9.5,125,78,0.3,1
2024-10-19 12,2134.05,0.48515,12.2,15.7,11.2,129,35,0.1,0
2024-10-19 13,631.03,0.4861,11.8,17.8,15.6,117,46,0.2,0
2024-10-19 14,647.81,0.48586,12.4,20.4,10.4,122,57,0.2,1
2024-10-19 15,816.43,0.48563,13,10.9,8.2,81,64,0.2,1
2024-10-19 16,729.47,0.48408,13.1,9.7,7.8,87,53,0.2,1
2024-10-19 17,814.66,0.49156,13.1,11.9,7.9,102,45,0.2,0
2024-10-19 18,814.01,0.51341,12.6,15.6,8.4,108,15,0.1,0
2024-10-19 19,852.24,0.52018,12.1,10.6,5.9,85,0,0,0
2024-10-19 20,1014.1,0.52374,11.7,10.1,10,95,0,0,0
2024-10-19 21,818.89,0.51472,11.4,14.8,11.4,84,0,0,0
2024-10-19 22,1065.84,0.49809,11.1,14.8,11.1,80,0,0,0
2024-10-19 23,1051.92,0.49002,11,17,10.2,77,0,0,0
2024-10-20 00,949.83,0.47779,10.8,13.1,10.5,80,0,0,0
2024-10-20 01,1126.46,0.41506,10.9,20.5,13.1,120,0,0,0
2024-10-20 02,1057.3,0.41104,11.1,16.7,11.7,138,0,0,0
2024-10-20 03,959.38,0.40856,10.9,20,12.5,129,0,0,0
2024-10-20 04,1181.14,0.39899,11.2,28.2,19.5,161,0,0,0
2024-10-20 05,1084.38,0.39639,11.1,31.2,22,186,0,0,0
2024-10-20 06,938.87,0.38305,11.6,24.9,18.2,171,0,0,0
2024-10-20 07,1159.25,0.38068,11.8,34.1,25.1,198,0,0,0
2024-10-20 08,1108.52,0.41907,12,30.3,19.1,195,0,0,0
2024-10-20 09,1006.07,0.42462,11.6,36.4,23.8,203,0,0,0
2024-10-20 10,1197.18,0.39096,12,33.5,20.9,191,17,0.1,0
2024-10-20 11,1101.6,0.2908,12,37.9,28,180,25,0.1,0
2024-10-20 12,998.61,0.00094,11.8,32,25.1,171,41,0.1,0
2024-10-20 13,1261.9,0,12.1,39.8,27.6,177,36,0.1,0
2024-10-20 14,1102.57,-0.01158,12.2,45.1,34.5,188,44,0.2,0
2024-10-20 15,1006.32,-0.02374,12.7,41.3,27.6,180,42,0.2,0
2024-10-20 16,1235.26,0,12.7,45.2,31.9,181,30,0.1,0
2024-10-20 17,1064.98,0.31371,12.7,48.6,32.7,181,10,0,0
2024-10-20 18,1157.79,0.40147,12.4,44.1,30.7,172,4,0,0
2024-10-20 19,1014.12,0.45108,12.6,45.2,31.4,170,0,0,0
2024-10-20 20,1284.89,0.42592,11.9,44.8,28.6,163,0,0,0
2024-10-20 21,1125.48,0.39309,12,52.6,39.5,163,0,0,0
2024-10-20 22,1105.84,0.25489,12.7,64.1,48.1,178,0,0,0
2024-10-20 23,1304.03,0.14481,12.8,67.9,51.2,181,0,0,0
2024-10-21 00,1137.69,0.02303,12.7,65.5,44.2,185,0,0,0
2024-10-21 01,1098.75,-0.00106,12.4,62.3,42.7,180,0,0,0
2024-10-21 02,1274.65,-0.00118,12,74.1,57.1,180,0,0,0
2024-10-21 03,1070.59,-0.00165,12.9,77.6,46.9,190,0,0,0
2024-10-21 04,1152.09,-0.00094,13.3,68.7,42.4,198,0,0,0
2024-10-21 05,1531.58,-0.00047,13.2,63.3,39.1,197,0,0,0
2024-10-21 06,2793.54,0.03945,13.2,64.3,42.2,202,0,0,0
2024-10-21 07,2700.94,0.30663,13,63,38.4,202,0,0,0
2024-10-21 08,2933.34,0.32446,13,64.4,44.3,205,0,0,0
2024-10-21 09,2892.14,0.36486,12.9,72.1,48.5,213,0,0,0
2024-10-21 10,2681.4,0.36935,13.2,74,48.1,212,13,0,0
2024-10-21 11,2647.5,0.35127,13.2,76.4,50.5,215,26,0.1,0
2024-10-21 12,2442.91,0.34041,13.2,75.2,50.1,217,76,0.3,1
2024-10-21 13,2348.74,0.35316,13.8,75.7,50.4,214,118,0.4,1
2024-10-21 14,1126.13,0.36486,13.6,74.2,50,214,58,0.2,1
2024-10-21 15,535.37,0.40124,13.3,72.5,47.8,217,128,0.5,1
2024-10-21 16,539.49,0.42073,13.8,69.6,43.4,215,78,0.3,1
2024-10-21 17,720.9,0.42167,13.7,67.3,41,212,29,0.1,0
2024-10-21 18,908.41,0.42899,12.8,65.5,43.4,213,23,0.1,0
2024-10-21 19,746.91,0.42994,12.7,60.6,38.2,223,0,0,0
2024-10-21 20,1016.4,0.42262,12.5,51.5,39,224,0,0,0
2024-10-21 21,1058.08,0.42521,11.9,58.2,40.1,231,0,0,0
2024-10-21 22,962.83,0.42049,11.2,52.7,36.4,231,0,0,0
2024-10-21 23,1199.41,0.40809,10.9,53.9,35.3,230,0,0,0
2024-10-22 00,1111.16,0.40336,10.4,49.9,32.8,232,0,0,0
2024-10-22 01,1038.31,0.36769,9.7,43.5,30.1,233,0,0,0
2024-10-22 02,1334.33,0.36261,9.4,38.2,25.5,225,0,0,0
2024-10-22 03,1006.46,0.36498,9.8,41.8,29.2,222,0,0,0
2024-10-22 04,1145.68,0.36486,9.8,41.6,29.9,224,0,0,0
2024-10-22 05,1478.05,0.36356,9.8,38.9,26.5,221,0,0,0
2024-10-22 06,2548.49,0.36887,10.3,43.9,31.1,216,0,0,0
2024-10-22 07,2603.87,0.38813,10.5,43.4,30.7,221,0,0,0
2024-10-22 08,2889.85,0.41175,10.6,41.8,29.4,214,0,0,0
2024-10-22 09,2956.73,0.41931,10.9,45.4,31.2,218,0,0,0
2024-10-22 10,2676.59,0.41943,9.5,50.7,36,217,16,0.1,0
2024-10-22 11,2621.58,0.41966,11,49.5,32.9,216,56,0.2,1
2024-10-22 12,2627.44,0.41576,11.7,54.5,36.8,217,142,0.5,1
2024-10-22 13,2761.9,0.39072,12.3,38.9,32.7,220,106,0.4,1
2024-10-22 14,958.94,0.36828,12.7,52.2,36.5,221,175,0.6,2
2024-10-22 15,1218.51,0.35293,12.6,53.7,36.4,225,166,0.6,2
2024-10-22 16,755.18,0.36391,13.2,53.6,36.2,224,89,0.3,1
2024-10-22 17,837.27,0.38801,13.2,53.3,37.1,224,44,0.2,0
2024-10-22 18,850.12,0.41919,12.4,57.1,38.2,226,22,0.1,0
2024-10-22 19,799.52,0.41931,11.8,50.9,33.4,226,0,0,0
2024-10-22 20,1154.22,0.41978,11.6,49.6,35.6,234,0,0,0
2024-10-22 21,1029.22,0.41943,11.1,48.3,36.4,235,0,0,0
2024-10-22 22,923.93,0.41612,10.9,55.1,36.2,241,0,0,0
2024-10-22 23,1210.88,0.40502,10.3,57.5,36.4,242,0,0,0
2024-10-23 00,1385.59,0.38128,9.9,49.9,32.3,243,0,0,0
2024-10-23 01,1097.54,0.35585,9.2,45.2,29.2,241,0,0,0
2024-10-23 02,1295.84,0.31122,8.8,46.2,32.2,240,0,0,0
2024-10-23 03,1284.65,0.28506,8.5,47.2,32.5,225,0,0,0
2024-10-23 04,1043.34,0.2821,8.5,46.6,30.5,228,0,0,0
2024-10-23 05,1752.72,0.28435,8.5,47.1,32.7,230,0,0,0
2024-10-23 06,2933.27,0.31785,8.6,43.8,28.8,232,0,0,0
2024-10-23 07,3178.02,0.36733,7.9,39.9,26.7,235,0,0,0
2024-10-23 08,2907.92,0.38095,8,44,32.1,234,0,0,0
2024-10-23 09,2934.2,0.38474,8.7,48.1,27.7,237,0,0,0
2024-10-23 10,2549.45,0.38213,8.7,42.4,28.5,235,17,0.1,0
2024-10-23 11,2628.18,0.38166,9.5,54.8,38.9,238,28,0.1,0
2024-10-23 12,2671.35,0.38154,10.7,58,39.2,236,105,0.4,1
2024-10-23 13,2139.69,0.37444,11.5,56.4,35.9,239,102,0.4,1
2024-10-23 14,783.55,0.37183,11.4,42.6,38.4,235,151,0.5,2
2024-10-23 15,913,0.37302,11.3,48.8,40.4,229,104,0.4,1
2024-10-23 16,903.16,0.36745,11.4,57.3,30.5,223,62,0.2,1
2024-10-23 17,1025.1,0.37278,11.5,49.4,34.7,229,33,0.1,0
2024-10-23 18,1076.92,0.37455,11.8,51,34.7,226,14,0.1,0
2024-10-23 19,1062.5,0.37763,11.8,50.5,33.7,227,0,0,0
2024-10-23 20,1168.4,0.37633,11.7,51.8,35.1,230,0,0,0
2024-10-23 21,1170.33,0.37586,11.6,48.3,33.5,225,0,0,0
2024-10-23 22,1149.83,0.37574,11.3,50.2,30.2,229,0,0,0
2024-10-23 23,1175.62,0.36686,11.2,47,33.6,238,0,0,0
2024-10-24 00,1327.9,0.36212,10.9,46.1,26.8,236,0,0,0
2024-10-24 01,1203.39,0.28009,10.9,44.6,31.8,239,0,0,0
2024-10-24 02,1323.1,0.26554,10.6,42.1,28.1,227,0,0,0
2024-10-24 03,1165.52,0.22747,10.3,41.3,30.3,227,0,0,0
2024-10-24 04,1296.56,0.22747,10.6,50.6,36.5,233,0,0,0
2024-10-24 05,1418.28,0.22747,10.4,48.1,30,231,0,0,0
2024-10-24 06,2396.67,0.22747,10.6,44.9,31.8,231,0,0,0
2024-10-24 07,2599.98,0.20383,10.6,43.6,29.9,230,0,0,0
2024-10-24 08,2362.25,0.3262,10.8,40.2,26.2,224,0,0,0
2024-10-24 09,2440.58,0.37668,10.9,35.2,25,215,0,0,0
2024-10-24 10,2382.47,0.4371,11.1,38.2,25,215,39,0.1,0
2024-10-24 11,2606.84,0.38969,11.6,43.7,28.7,218,43,0.2,0
2024-10-24 12,2477.47,0.36817,11.8,47.5,30.9,216,105,0.4,1
2024-10-24 13,2475.15,0.35374,12.2,38.1,33.4,216,129,0.5,1
2024-10-24 14,2226.75,0.34937,12.3,45.5,23.6,216,104,0.4,1
2024-10-24 15,733.74,0.35126,13.1,41.3,30.8,217,93,0.3,1
2024-10-24 16,1046.22,0.35185,13.1,40.1,27.7,218,96,0.3,1
2024-10-24 17,913.13,0.35445,12.9,38.2,25,219,49,0.2,0
2024-10-24 18,839.64,0.3885,12.3,40.4,31.1,221,37,0.1,0
2024-10-24 19,1112.18,0.41558,12.5,41.4,27.2,224,0,0,0
2024-10-24 20,1041.77,0.41286,12,39.2,24.1,226,0,0,0
2024-10-24 21,1210.91,0.35386,11.9,39.7,27.9,221,0,0,0
2024-10-24 22,1139,0.32726,11.7,43,30.2,224,0,0,0
2024-10-24 23,1276.28,0.29498,10.8,41,30.9,218,0,0,0
2024-10-25 00,1074.67,0.15689,10.9,40.4,26.7,207,0,0,0
2024-10-25 01,1328.7,0.06839,10.6,34.4,25.8,204,0,0,0
2024-10-25 02,1201.49,0.0595,10.7,32.3,22.2,207,0,0,0
2024-10-25 03,1043.94,0.04765,10.7,32.7,24.2,203,0,0,0
2024-10-25 04,1313.89,0.03852,10.5,32.3,20.2,210,0,0,0
2024-10-25 05,1175.67,0.04765,10.4,28.9,19.6,197,0,0,0
2024-10-25 06,1739.56,0.05997,10,30.8,19.6,190,0,0,0
2024-10-25 07,2622.01,0.26147,9.7,25.6,12.6,210,0,0,0
2024-10-25 08,2578.03,0.37122,9.7,20.9,13,192,0,0,0
2024-10-25 09,2692.31,0.47611,9.8,23.3,11.9,178,0,0,0
2024-10-25 10,2827.72,0.40903,9.4,21.4,9.6,166,24,0.1,0
2024-10-25 11,2642.49,0.37537,9.8,17.1,10.8,143,29,0.1,0
2024-10-25 12,1840.13,0.34349,10,19,15.2,131,48,0.2,0
2024-10-25 13,1588.34,0.32606,10.2,24.9,18.4,176,23,0.1,0
2024-10-25 14,902.54,0.29999,10.9,30.2,18.6,194,43,0.2,0
2024-10-25 15,805.29,0.28399,10.3,28.7,14.6,192,18,0.1,0
2024-10-25 16,1088.42,0.27142,10.3,36.5,26.3,198,11,0,0
2024-10-25 17,1069.6,0.3071,10.1,28.6,18.7,201,5,0,0
2024-10-25 18,842.12,0.32583,9.7,25.9,18.6,238,0,0,0
2024-10-25 19,1021.53,0.35795,9.6,23.7,13.3,192,0,0,0
2024-10-25 20,1173.37,0.30461,9.7,17.9,10,175,0,0,0
2024-10-25 21,856.65,0.26917,9.6,16.3,6.8,156,0,0,0
2024-10-25 22,1014.15,0.26147,9.7,13.4,10.5,130,0,0,0
2024-10-25 23,1105.6,0.25021,9.2,12.5,9.4,113,0,0,0
2024-10-26 00,907.15,0.24475,9.1,11.8,6.1,100,0,0,0
2024-10-26 01,1108.43,0.15254,9,13.8,8.4,110,0,0,0
2024-10-26 02,1097.24,0.11792,9,9.5,5.2,28,0,0,0
2024-10-26 03,957.99,0.09051,9,9.2,5.4,34,0,0,0
2024-10-26 04,1081.2,0.08838,8.9,9.4,7.7,43,0,0,0
2024-10-26 05,1033.58,0.06711,8.9,9.6,5.6,51,0,0,0
2024-10-26 06,1012.19,0.11449,9.1,7.2,5.5,7,0,0,0
2024-10-26 07,1098.82,0.16743,8.9,7.5,5.8,338,0,0,0
2024-10-26 08,1076.67,0.22887,8,10.9,4,338,0,0,0
2024-10-26 09,1007.72,0.2909,9,9.6,8.4,352,0,0,0
2024-10-26 10,1252.78,0.33072,7.2,17.2,10.1,333,4,0,0
2024-10-26 11,1009.22,0.33473,8.6,11.8,8,347,23,0.1,0
2024-10-26 12,1086.12,0.33485,8.9,9.5,9.5,359,40,0.1,0
2024-10-26 13,1149.5,0.33721,9,7.3,4.2,320,54,0.2,1
2024-10-26 14,878.15,0.33332,9.3,7.5,4.9,222,63,0.2,1
2024-10-26 15,787.23,0.33402,9.8,9.6,7.2,275,48,0.2,0
2024-10-26 16,939.84,0.33497,10.1,8.3,5.7,224,92,0.3,1
2024-10-26 17,790.69,0.31772,10.5,8.8,4.5,130,49,0.2,0
2024-10-26 18,1018.24,0.33142,9.7,8.5,8.7,154,11,0,0
2024-10-26 19,971.9,0.33887,8.9,9.4,6.6,126,0,0,0
2024-10-26 20,858.27,0.33355,8.7,10,9.3,162,0,0,0
2024-10-26 21,1126.06,0.28133,9,18.3,13.2,177,0,0,0
2024-10-26 22,1058.91,0.22993,9.2,24.2,14.6,184,0,0,0
2024-10-26 23,934.38,0.14273,9.2,28.4,18,169,0,0,0
2024-10-27 00,1125.31,0.0553,9.7,19.1,13,178,0,0,0
2024-10-27 01,1151.97,0.04976,9.5,29.1,20,146,0,0,0
2024-10-27 02,977.32,0.04787,9.6,33.7,22.4,148,0,0,0
2024-10-27 03,1244.88,0.01407,9.3,31.8,22.9,147,0,0,0
2024-10-27 04,1110.93,0.01194,10.4,38.4,28.9,160,0,0,0
2024-10-27 05,963.65,0.01182,10.7,48,30.9,169,0,0,0
2024-10-27 06,1253.42,0.01182,11,54.4,37.7,177,0,0,0
2024-10-27 07,1115.89,0.01182,11.1,61,43.3,180,0,0,0
2024-10-27 08,927.39,0.01182,11.6,46.1,35.9,194,0,0,0
2024-10-27 09,1208.68,0.04432,11.8,43.8,29.4,204,0,0,0
2024-10-27 10,1117.35,0.0526,11.5,47.1,33.5,226,16,0.1,0
2024-10-27 11,979.99,0.05815,4.4,41,30.9,225,12,0,0
2024-10-27 12,1090.74,0.0591,10.8,48.7,30.3,225,41,0.1,0
2024-10-27 13,1914.47,0.05839,10.7,49.4,31.4,212,56,0.2,1
2024-10-27 14,707.11,0.05177,11.5,46,29.2,224,82,0.3,1
2024-10-27 15,654.38,0.05283,11.9,42,27.4,253,87,0.3,1
2024-10-27 16,835.66,0.05413,12.2,35.9,29.6,262,79,0.3,1
2024-10-27 17,657.4,0.05331,11.7,42.9,30.4,261,53,0.2,1
2024-10-27 18,873.95,0.05673,10.6,46.4,26.6,257,11,0,0
2024-10-27 19,1110.88,0.07056,9.5,40.1,26.6,240,0,0,0
2024-10-27 20,910.27,0.12954,9.2,42.2,29.4,250,0,0,0
2024-10-27 21,1144.76,0.12056,9,39.7,28.7,242,0,0,0
2024-10-27 22,1137.47,0.07931,8.1,43.8,29.2,235,0,0,0
2024-10-27 23,923.08,0.0565,8.1,45,32.3,232,0,0,0
2024-10-28 00,1297.13,0.20885,8.2,48.6,35.1,237,0,0,0
2024-10-28 01,1266.55,0.19408,7.7,45.7,31.8,235,0,0,0
2024-10-28 02,1088.94,0.12056,7.7,46.9,32,229,0,0,0
2024-10-28 03,1287.72,0.11926,8.1,51.6,35.6,238,0,0,0
2024-10-28 04,1184.25,0.11926,8.1,49.9,33.8,240,0,0,0
2024-10-28 05,1047.37,0.11961,7.9,44.3,28.4,239,0,0,0
2024-10-28 06,1663.36,0.12068,8,43.6,27.5,238,0,0,0
2024-10-28 07,2791.5,0.12375,7.9,38.9,31.5,237,0,0,0
2024-10-28 08,2856.11,0.20105,8.1,44.4,29,243,0,0,0
2024-10-28 09,3078.63,0.26783,8.2,41.6,29.1,251,0,0,0
2024-10-28 10,2753.82,0.25306,7.5,41,31.1,241,20,0.1,0
2024-10-28 11,2547.95,0.2514,8.4,39.8,27.4,229,58,0.2,1
2024-10-28 12,2326.62,0.23663,9.2,40.1,23.5,236,65,0.2,1
,,,,,,,,,
,,,,,,,,,
,,,,,,,,,
,,,,,,,,,
,,,,,,,,,
,,,,,,,,,
,,,,,,,,,
,,,,,,,,,
,,,,,,,,,
,,,,,,,,,
,,,,,,,,,
,,,,,,,,,
,,,,,,,,,
